movie_id,movie_name,year,certificate,runtime,genre,rating,description,director,director_id,star,star_id,votes,gross(in $)
tt1016150,All Quiet on the Western Front,2022,R,148 min,"Action, Drama, War",7.8,A young German soldier's terrifying experiences and distress on the western front during World War I.,Edward Berger,/name/nm0074163/,"Felix Kammerer, 
Albrecht Schuch, 
Aaron Hilmer, 
Moritz Klaus","/name/nm0436835/,/name/nm3477129/,/name/nm6037256/,/name/nm2714111/",139754.0,
tt2584384,Jojo Rabbit,2019,PG-13,108 min,"Comedy, Drama, War",7.9,A young German boy in the Hitler Youth whose hero and imaginary friend is the country's dictator is shocked to discover that his mother is hiding a Jewish girl in their home.,Taika Waititi,/name/nm0169806/,"Roman Griffin Davis, 
Thomasin McKenzie, 
Scarlett Johansson, 
Taika Waititi","/name/nm9877392/,/name/nm5057169/,/name/nm0424060/,/name/nm0169806/",399264.0,33370906.0
tt7693316,Devotion,2022,PG-13,139 min,"Action, Drama, War",6.6,A pair of U.S. Navy fighter pilots risk their lives during the Korean War and become some of the Navy's most celebrated wingmen.,J.D. Dillard,/name/nm2300570/,"Jonathan Majors, 
Glen Powell, 
Christina Jackson, 
Thomas Sadoski","/name/nm3718007/,/name/nm1412974/,/name/nm2325956/,/name/nm0755603/",15135.0,
tt9737876,Narvik: Hitler's First Defeat,2022,TV-14,108 min,"Drama, History, War",6.6,"April 1940. The eyes of the world are on Narvik, a small town in northern Norway, source of the iron ore needed for Hitler's war machinery. Through two months of fierce winter warfare, Hitler is dealt his first defeat.",Erik Skjoldbjærg,/name/nm0804408/,"Billy Campbell, 
Kristine Hartgen, 
Stig Henrik Hoff, 
Henrik Mestad","/name/nm0001004/,/name/nm12242794/,/name/nm0388732/,/name/nm0582278/",9051.0,
tt3291150,The Expendables 4,2023,,,"Action, Adventure, Thriller",,The Expendables will square up against: an arms dealer who commands the might of a massive private army.,Scott Waugh,/name/nm0915304/,"Jason Statham, 
50 Cent, 
Megan Fox, 
Dolph Lundgren","/name/nm0005458/,/name/nm1265067/,/name/nm1083271/,/name/nm0000185/",,
tt0361748,Inglourious Basterds,2009,R,153 min,"Adventure, Drama, War",8.3,"In Nazi-occupied France during World War II, a plan to assassinate Nazi leaders by a group of Jewish U.S. soldiers coincides with a theatre owner's vengeful plans for the same.",Quentin Tarantino,/name/nm0000233/,"Brad Pitt, 
Diane Kruger, 
Eli Roth, 
Mélanie Laurent","/name/nm0000093/,/name/nm1208167/,/name/nm0744834/,/name/nm0491259/",1464903.0,120540719.0
tt5013056,Dunkirk,2017,PG-13,106 min,"Action, Drama, History",7.8,"Allied soldiers from Belgium, the British Commonwealth and Empire, and France are surrounded by the German Army and evacuated during a fierce battle in World War II.",Christopher Nolan,/name/nm0634240/,"Fionn Whitehead, 
Barry Keoghan, 
Mark Rylance, 
Tom Hardy","/name/nm7887725/,/name/nm4422686/,/name/nm0753314/,/name/nm0362766/",669727.0,188373161.0
tt0078788,Apocalypse Now,1979,R,147 min,"Drama, Mystery, War",8.5,A U.S. Army officer serving in Vietnam is tasked with assassinating a renegade Special Forces Colonel who sees himself as a god.,Francis Ford Coppola,/name/nm0000338/,"Martin Sheen, 
Marlon Brando, 
Robert Duvall, 
Frederic Forrest","/name/nm0000640/,/name/nm0000008/,/name/nm0000380/,/name/nm0002078/",673330.0,83471511.0
tt1631867,Edge of Tomorrow,2014,PG-13,113 min,"Action, Adventure, Sci-Fi",7.9,"A soldier fighting aliens gets to relive the same day over and over again, the day restarting every time he dies.",Doug Liman,/name/nm0510731/,"Tom Cruise, 
Emily Blunt, 
Bill Paxton, 
Brendan Gleeson","/name/nm0000129/,/name/nm1289434/,/name/nm0000200/,/name/nm0322407/",687691.0,100206256.0
tt8579674,1917,2019,R,119 min,"Action, Drama, War",8.2,"April 6th, 1917. As an infantry battalion assembles to wage war deep in enemy territory, two soldiers are assigned to race against time and deliver a message that will stop 1,600 men from walking straight into a deadly trap.",Sam Mendes,/name/nm0005222/,"Dean-Charles Chapman, 
George MacKay, 
Daniel Mays, 
Colin Firth","/name/nm2835616/,/name/nm1126657/,/name/nm0990547/,/name/nm0000147/",603093.0,159227644.0
tt2119532,Hacksaw Ridge,2016,R,139 min,"Biography, Drama, History",8.1,"World War II American Army Medic Desmond T. Doss, who served during the Battle of Okinawa, refuses to kill people and becomes the first man in American history to receive the Medal of Honor without firing a shot.",Mel Gibson,/name/nm0000154/,"Andrew Garfield, 
Sam Worthington, 
Luke Bracey, 
Teresa Palmer","/name/nm1940449/,/name/nm0941777/,/name/nm3478396/,/name/nm1954240/",535776.0,67209615.0
tt10545296,The Hunger Games: The Ballad of Songbirds and Snakes,2023,,,"Action, Adventure, Drama",,Coriolanus Snow mentors and develops feelings for the female District 12 tribute during the 10th Hunger Games.,Francis Lawrence,/name/nm1349376/,"Viola Davis, 
Hunter Schafer, 
Peter Dinklage, 
Burn Gorman","/name/nm0205626/,/name/nm9476408/,/name/nm0227759/,/name/nm1218607/",,
tt0120815,Saving Private Ryan,1998,R,169 min,"Drama, War",8.6,"Following the Normandy Landings, a group of U.S. soldiers go behind enemy lines to retrieve a paratrooper whose brothers have been killed in action.",Steven Spielberg,/name/nm0000229/,"Tom Hanks, 
Matt Damon, 
Tom Sizemore, 
Edward Burns","/name/nm0000158/,/name/nm0000354/,/name/nm0001744/,/name/nm0122653/",1402550.0,216540909.0
tt0765010,Brothers,2009,R,105 min,"Drama, Thriller, War",7.1,"While on tour in Afghanistan, Sam's copter is shot down and he is presumed dead. Back home, it is his screw-up brother who looks after the family. Sam does return, but with a lot of excess baggage.",Jim Sheridan,/name/nm0006487/,"Jake Gyllenhaal, 
Natalie Portman, 
Tobey Maguire, 
Sam Shepard","/name/nm0350453/,/name/nm0000204/,/name/nm0001497/,/name/nm0001731/",132357.0,28501651.0
tt8883486,Medieval,2022,R,125 min,"Action, Drama, History",5.9,"The story of fifteenth century Czech icon and warlord Jan Zizka, who defeated armies of the Teutonic Order and the Holy Roman Empire.",Petr Jákl,/name/nm1362893/,"Ben Foster, 
Sophie Lowe, 
Michael Caine, 
Til Schweiger","/name/nm0004936/,/name/nm2998321/,/name/nm0000323/,/name/nm0001709/",8759.0,
tt0783233,Atonement,2007,R,123 min,"Drama, Mystery, Romance",7.8,Thirteen-year-old fledgling writer Briony Tallis irrevocably changes the course of several lives when she accuses her older sister's lover of a crime he did not commit.,Joe Wright,/name/nm0942504/,"Keira Knightley, 
James McAvoy, 
Brenda Blethyn, 
Saoirse Ronan","/name/nm0461136/,/name/nm0564215/,/name/nm0000950/,/name/nm1519680/",283226.0,50927067.0
tt2713180,Fury,2014,R,134 min,"Action, Drama, War",7.5,"A grizzled tank commander makes tough decisions as he and his crew fight their way across Germany in April, 1945.",David Ayer,/name/nm0043742/,"Brad Pitt, 
Shia LaBeouf, 
Logan Lerman, 
Michael Peña","/name/nm0000093/,/name/nm0479471/,/name/nm0503567/,/name/nm0671567/",500926.0,85817906.0
tt0112573,Braveheart,1995,R,178 min,"Biography, Drama, History",8.4,Scottish warrior William Wallace leads his countrymen in a rebellion to free his homeland from the tyranny of King Edward I of England.,Mel Gibson,/name/nm0000154/,"Mel Gibson, 
Sophie Marceau, 
Patrick McGoohan, 
Angus Macfadyen","/name/nm0000154/,/name/nm0000521/,/name/nm0001526/,/name/nm0005171/",1044563.0,75600000.0
tt0118799,Life Is Beautiful,1997,PG-13,116 min,"Comedy, Drama, Romance",8.6,"When an open-minded Jewish waiter and his son become victims of the Holocaust, he uses a perfect mixture of will, humor, and imagination to protect his son from the dangers around their camp.",Roberto Benigni,/name/nm0000905/,"Roberto Benigni, 
Nicoletta Braschi, 
Giorgio Cantarini, 
Giustino Durano","/name/nm0000905/,/name/nm0000971/,/name/nm0134493/,/name/nm0243842/",701318.0,57598247.0
tt0253474,The Pianist,2002,R,150 min,"Biography, Drama, Music",8.5,A Polish Jewish musician struggles to survive the destruction of the Warsaw ghetto of World War II.,Roman Polanski,/name/nm0000591/,"Adrien Brody, 
Thomas Kretschmann, 
Frank Finlay, 
Emilia Fox","/name/nm0004778/,/name/nm0470981/,/name/nm0277975/,/name/nm0288976/",840756.0,32572577.0
tt1879016,Operation Mincemeat,2021,PG-13,128 min,"Drama, War",6.6,"During WWII, two intelligence officers use a corpse and false papers to outwit German troops.",John Madden,/name/nm0006960/,"Colin Firth, 
Matthew Macfadyen, 
Kelly Macdonald, 
Rufus Wright","/name/nm0000147/,/name/nm0532193/,/name/nm0531808/,/name/nm0942782/",28324.0,
tt0091251,Come and See,1985,Not Rated,142 min,"Drama, Thriller, War",8.4,"After finding an old rifle, a young boy joins the Soviet resistance movement against ruthless German forces and experiences the horrors of World War II.",Elem Klimov,/name/nm0459552/,"Aleksey Kravchenko, 
Olga Mironova, 
Liubomiras Laucevicius, 
Vladas Bagdonas","/name/nm0470385/,/name/nm0592500/,/name/nm0490708/,/name/nm0046575/",82512.0,
tt7984766,The King,2019,R,140 min,"Biography, Drama, History",7.3,"Hal, wayward prince and heir to the English throne, is crowned King Henry V after his tyrannical father dies. Now the young king must navigate palace politics, the war his father left behind, and the emotional strings of his past life.",David Michôd,/name/nm2391575/,"Tom Glynn-Carney, 
Gábor Czap, 
Tom Fisher, 
Edward Ashley","/name/nm6077951/,/name/nm5994557/,/name/nm1433660/,/name/nm5361352/",134316.0,
tt2084970,The Imitation Game,2014,PG-13,114 min,"Biography, Drama, Thriller",8.0,"During World War II, the English mathematical genius Alan Turing tries to crack the German Enigma code with help from fellow mathematicians while attempting to come to terms with his troubled private life.",Morten Tyldum,/name/nm0878763/,"Benedict Cumberbatch, 
Keira Knightley, 
Matthew Goode, 
Allen Leech","/name/nm1212722/,/name/nm0461136/,/name/nm0328828/,/name/nm1395602/",778565.0,91125683.0
tt0034583,Casablanca,1942,PG,102 min,"Drama, Romance, War",8.5,A cynical expatriate American cafe owner struggles to decide whether or not to help his former lover and her fugitive husband escape the Nazis in French Morocco.,Michael Curtiz,/name/nm0002031/,"Humphrey Bogart, 
Ingrid Bergman, 
Paul Henreid, 
Claude Rains","/name/nm0000007/,/name/nm0000006/,/name/nm0002134/,/name/nm0001647/",576217.0,1024560.0
tt0093058,Full Metal Jacket,1987,R,116 min,"Drama, War",8.3,A pragmatic U.S. Marine observes the dehumanizing effects the Vietnam War has on his fellow recruits from their brutal boot camp training to the bloody street fighting in Hue.,Stanley Kubrick,/name/nm0000040/,"Matthew Modine, 
R. Lee Ermey, 
Vincent D'Onofrio, 
Adam Baldwin","/name/nm0000546/,/name/nm0000388/,/name/nm0000352/,/name/nm0000284/",748878.0,46357676.0
tt0451279,Wonder Woman,2017,PG-13,141 min,"Action, Adventure, Fantasy",7.4,"When a pilot crashes and tells of conflict in the outside world, Diana, an Amazonian warrior in training, leaves home to fight a war, discovering her full powers and true destiny.",Patty Jenkins,/name/nm0420941/,"Gal Gadot, 
Chris Pine, 
Robin Wright, 
Lucy Davis","/name/nm2933757/,/name/nm1517976/,/name/nm0000705/,/name/nm0205063/",665310.0,412563408.0
tt0320661,Kingdom of Heaven,2005,R,144 min,"Action, Adventure, Drama",7.2,"Balian of Ibelin travels to Jerusalem during the Crusades of the 12th century, and there he finds himself as the defender of the city and its people.",Ridley Scott,/name/nm0000631/,"Orlando Bloom, 
Eva Green, 
Liam Neeson, 
Martin Hancock","/name/nm0089217/,/name/nm1200692/,/name/nm0000553/,/name/nm0359398/",293295.0,47398413.0
tt0942385,Tropic Thunder,2008,R,107 min,"Action, Comedy, War",7.1,"Through a series of freak occurrences, a group of actors shooting a big-budget war movie are forced to become the soldiers they are portraying.",Ben Stiller,/name/nm0001774/,"Ben Stiller, 
Jack Black, 
Robert Downey Jr., 
Jeff Kahn","/name/nm0001774/,/name/nm0085312/,/name/nm0000375/,/name/nm0434854/",422817.0,110515313.0
tt0213847,Malena,2000,R,108 min,"Drama, Romance, War",7.4,"Amidst the war climate, a teenage boy discovering himself becomes love-stricken by Malèna, a sensual woman living in a small, narrow-minded Italian town.",Giuseppe Tornatore,/name/nm0868153/,"Monica Bellucci, 
Giuseppe Sulfaro, 
Luciano Federico, 
Matilde Piana","/name/nm0000899/,/name/nm0837868/,/name/nm0270119/,/name/nm0681218/",105042.0,3448233.0
tt0087985,Red Dawn,1984,PG-13,114 min,"Action, Drama, Thriller",6.3,"It is the dawn of World War III. In the west mountains of America, a group of teenagers band together to defend their town, and their country, from invading Soviet forces.",John Milius,/name/nm0587518/,"Patrick Swayze, 
C. Thomas Howell, 
Lea Thompson, 
Charlie Sheen","/name/nm0000664/,/name/nm0001367/,/name/nm0000670/,/name/nm0000221/",59159.0,38376497.0
tt0020629,All Quiet on the Western Front,1930,Passed,152 min,"Drama, War",8.1,"A German youth eagerly enters World War I, but his enthusiasm wanes as he gets a firsthand view of the horror.",Lewis Milestone,/name/nm0587277/,"Lew Ayres, 
Louis Wolheim, 
John Wray, 
Arnold Lucy","/name/nm0000817/,/name/nm0938464/,/name/nm0942046/,/name/nm0524803/",64208.0,3270000.0
tt0265086,Black Hawk Down,2001,R,144 min,"Action, Drama, History",7.7,"The story of 160 elite U.S. soldiers who dropped into Mogadishu in October 1993 to capture two top lieutenants of a renegade warlord, but found themselves in a desperate battle with a large force of heavily armed Somalis.",Ridley Scott,/name/nm0000631/,"Josh Hartnett, 
Ewan McGregor, 
Tom Sizemore, 
Eric Bana","/name/nm0001326/,/name/nm0000191/,/name/nm0001744/,/name/nm0051509/",401720.0,108638745.0
tt0457430,Pan's Labyrinth,2006,R,118 min,"Drama, Fantasy, War",8.2,"In the Falangist Spain of 1944, the bookish young stepdaughter of a sadistic army officer escapes into an eerie but captivating fantasy world.",Guillermo del Toro,/name/nm0868219/,"Ivana Baquero, 
Ariadna Gil, 
Sergi López, 
Maribel Verdú","/name/nm1419440/,/name/nm0317725/,/name/nm0530365/,/name/nm0893941/",674357.0,37634615.0
tt0993840,Army of the Dead,2021,R,148 min,"Action, Crime, Drama",5.7,"Following a zombie outbreak in Las Vegas, a group of mercenaries take the ultimate gamble, venturing into the quarantine zone to pull off the greatest heist ever attempted.",Zack Snyder,/name/nm0811583/,"Dave Bautista, 
Ella Purnell, 
Ana de la Reguera, 
Omari Hardwick","/name/nm1176985/,/name/nm3480246/,/name/nm0478886/,/name/nm1165044/",175572.0,1000000.0
tt10521092,The Forgotten Battle,2020,TV-MA,124 min,"Drama, War",7.1,"1944, the Second World War. A British glider pilot, a Dutch boy fighting on the German side and a Dutch female resistance member all end up involved in the Battle of the Schelde. Their choices differ, but their goal is the same: freedom.",Matthijs van Heijningen Jr.,/name/nm0374048/,"Gijs Blom, 
Jamie Flatters, 
Susan Radder, 
Jan Bijvoet","/name/nm4714014/,/name/nm7370588/,/name/nm2205858/,/name/nm0082052/",32179.0,
tt0031381,Gone with the Wind,1939,Passed,238 min,"Drama, Romance, War",8.2,American motion picture classic in which a manipulative woman and a roguish man conduct a turbulent romance during the Civil War and Reconstruction periods.,"Victor Fleming, 
George Cukor, 
Sam Wood",/name/nm0281808/,"Clark Gable, 
Vivien Leigh, 
Thomas Mitchell, 
Barbara O'Neil","/name/nm0002030/,/name/nm0939992/,/name/nm0000022/,/name/nm0000046/,/name/nm0593775/,/name/nm0641966/",318630.0,198676459.0
tt0213149,Pearl Harbor,2001,PG-13,183 min,"Action, Drama, History",6.2,A tale of war and romance mixed in with history. The story follows two lifelong friends and a beautiful nurse who are caught up in the horror of an infamous Sunday morning in 1941.,Michael Bay,/name/nm0000881/,"Ben Affleck, 
Kate Beckinsale, 
Josh Hartnett, 
William Lee Scott","/name/nm0000255/,/name/nm0000295/,/name/nm0001326/,/name/nm0005406/",337171.0,198542554.0
tt0077416,The Deer Hunter,1978,R,183 min,"Drama, War",8.1,An in-depth examination of the ways in which the Vietnam War impacts and disrupts the lives of several friends in a small steel mill town in Pennsylvania.,Michael Cimino,/name/nm0001047/,"Robert De Niro, 
Christopher Walken, 
John Cazale, 
John Savage","/name/nm0000134/,/name/nm0000686/,/name/nm0001030/,/name/nm0001698/",342732.0,48979328.0
tt4172430,13 Hours,2016,R,144 min,"Action, Drama, History",7.3,"During an attack on a U.S. compound in Libya, a security team struggles to make sense out of the chaos.",Michael Bay,/name/nm0000881/,"John Krasinski, 
Pablo Schreiber, 
James Badge Dale, 
David Denman","/name/nm1024677/,/name/nm1032567/,/name/nm0197647/,/name/nm0219292/",147124.0,52853219.0
tt0091763,Platoon,1986,R,120 min,"Drama, War",8.1,"Chris Taylor, a neophyte recruit in Vietnam, finds himself caught in a battle of wills between two sergeants, one good and the other evil. A shrewd examination of the brutality of war and the duality of man in conflict.",Oliver Stone,/name/nm0000231/,"Charlie Sheen, 
Tom Berenger, 
Willem Dafoe, 
Keith David","/name/nm0000221/,/name/nm0000297/,/name/nm0000353/,/name/nm0202966/",418412.0,138530565.0
tt0056172,Lawrence of Arabia,1962,Approved,218 min,"Adventure, Biography, Drama",8.3,"The story of T.E. Lawrence, the English officer who successfully united and led the diverse, often warring, Arab tribes during World War I in order to fight the Turks.",David Lean,/name/nm0000180/,"Peter O'Toole, 
Alec Guinness, 
Anthony Quinn, 
Jack Hawkins","/name/nm0000564/,/name/nm0000027/,/name/nm0000063/,/name/nm0370144/",296933.0,44824144.0
tt1790885,Zero Dark Thirty,2012,R,157 min,"Drama, History, Thriller",7.4,"A chronicle of the decade-long hunt for al-Qaeda terrorist leader Osama bin Laden after the September 2001 attacks, and his death at the hands of the Navy S.E.A.L.s Team 6 in May 2011.",Kathryn Bigelow,/name/nm0000941/,"Jessica Chastain, 
Joel Edgerton, 
Chris Pratt, 
Mark Strong","/name/nm1567113/,/name/nm0249291/,/name/nm0695435/,/name/nm0835016/",305795.0,95720716.0
tt0104691,The Last of the Mohicans,1992,R,112 min,"Action, Adventure, Drama",7.7,Three trappers protect the daughters of a British Colonel in the midst of the French and Indian War.,Michael Mann,/name/nm0000520/,"Daniel Day-Lewis, 
Madeleine Stowe, 
Russell Means, 
Eric Schweig","/name/nm0000358/,/name/nm0000656/,/name/nm0575184/,/name/nm0777760/",174240.0,75505856.0
tt0363163,Downfall,2004,R,156 min,"Biography, Drama, History",8.2,"Traudl Junge, the final secretary for Adolf Hitler, tells of the Nazi dictator's final days in his Berlin bunker at the end of WWII.",Oliver Hirschbiegel,/name/nm0386570/,"Bruno Ganz, 
Alexandra Maria Lara, 
Ulrich Matthes, 
Juliane Köhler","/name/nm0004486/,/name/nm0487884/,/name/nm0559890/,/name/nm0477810/",358744.0,5509040.0
tt0914798,The Boy in the Striped Pajamas,2008,PG-13,94 min,"Drama, War",7.7,"Through the innocent eyes of Bruno, the eight-year-old son of the commandant at a German concentration camp, a forbidden friendship with a Jewish boy on the other side of the camp fence has startling and unexpected consequences.",Mark Herman,/name/nm0379179/,"Asa Butterfield, 
David Thewlis, 
Rupert Friend, 
Zac Mattoon O'Brien","/name/nm2633535/,/name/nm0000667/,/name/nm1670029/,/name/nm2726789/",224302.0,9030581.0
tt0887912,The Hurt Locker,2008,R,131 min,"Drama, Thriller, War",7.5,"During the Iraq War, a Sergeant recently assigned to an army bomb squad is put at odds with his squad mates due to his maverick way of handling his work.",Kathryn Bigelow,/name/nm0000941/,"Jeremy Renner, 
Anthony Mackie, 
Brian Geraghty, 
Guy Pearce","/name/nm0719637/,/name/nm1107001/,/name/nm1310016/,/name/nm0001602/",456539.0,17017811.0
tt0120863,The Thin Red Line,1998,R,170 min,"Drama, History, War",7.6,"Adaptation of James Jones' autobiographical 1962 novel, focusing on the conflict at Guadalcanal during the second World War.",Terrence Malick,/name/nm0000517/,"Jim Caviezel, 
Sean Penn, 
Nick Nolte, 
Kirk Acevedo","/name/nm0001029/,/name/nm0000576/,/name/nm0000560/,/name/nm0009716/",190532.0,36400491.0
tt0095327,Grave of the Fireflies,1988,Not Rated,89 min,"Animation, Drama, War",8.5,A young boy and his little sister struggle to survive in Japan during World War II.,Isao Takahata,/name/nm0847223/,"Tsutomu Tatsumi, 
Ayano Shiraishi, 
Akemi Yamaguchi, 
Yoshiko Shinohara","/name/nm0851302/,/name/nm0794186/,/name/nm0945312/,/name/nm0794002/",281276.0,
tt6048922,Greyhound,2020,PG-13,91 min,"Action, Drama, History",7.0,"Several months after the U.S. entry into World War II, an inexperienced U.S. Navy commander must lead an Allied convoy being stalked by a German submarine wolf pack.",Aaron Schneider,/name/nm0773689/,"Tom Hanks, 
Elisabeth Shue, 
Stephen Graham, 
Matt Helm","/name/nm0000158/,/name/nm0000223/,/name/nm0334318/,/name/nm5090093/",100356.0,
tt1091191,Lone Survivor,2013,R,121 min,"Action, Biography, Drama",7.5,"Marcus Luttrell and his team set out on a mission to capture or kill notorious Taliban leader Ahmad Shah, in late June 2005. Marcus and his team are left to fight for their lives in one of the most valiant efforts of modern warfare.",Peter Berg,/name/nm0000916/,"Mark Wahlberg, 
Taylor Kitsch, 
Emile Hirsch, 
Ben Foster","/name/nm0000242/,/name/nm2018237/,/name/nm0386472/,/name/nm0004936/",292050.0,125095601.0
tt6294822,The Post,2017,PG-13,116 min,"Biography, Drama, History",7.2,A cover-up spanning four U.S. Presidents pushes the country's first female newspaper publisher and her editor to join an unprecedented battle between press and government.,Steven Spielberg,/name/nm0000229/,"Meryl Streep, 
Tom Hanks, 
Sarah Paulson, 
Bob Odenkirk","/name/nm0000658/,/name/nm0000158/,/name/nm0005299/,/name/nm0644022/",154096.0,81903458.0
tt1809398,Unbroken,2014,PG-13,137 min,"Action, Biography, Drama",7.2,"After a near-fatal plane crash in WWII, Olympian Louis Zamperini spends a harrowing 47 days in a raft with two fellow crewmen before he's caught by the Japanese navy and sent to a prisoner-of-war camp.",Angelina Jolie,/name/nm0001401/,"Jack O'Connell, 
Miyavi, 
Domhnall Gleeson, 
Garrett Hedlund","/name/nm1925239/,/name/nm2032193/,/name/nm1727304/,/name/nm1330560/",171382.0,115637895.0
tt13287846,Napoleon,,,,"Action, Biography, Drama",,"The film is an original and personal look at Napoleon Bonaparte's origins and his swift, ruthless climb to emperor, viewed through the prism of his addictive and often volatile relationship with his wife and one true love, Josephine.",Ridley Scott,/name/nm0000631/,"Vanessa Kirby, 
Joaquin Phoenix, 
Ludivine Sagnier, 
Ben Miles","/name/nm3948952/,/name/nm0001618/,/name/nm0756203/,/name/nm0587060/",,
tt10268488,The Greatest Beer Run Ever,2022,R,126 min,"Adventure, Comedy, Drama",6.8,A man's story of leaving New York in 1967 to bring beer to his childhood buddies in the Army while they are fighting in Vietnam.,Peter Farrelly,/name/nm0268380/,"Zac Efron, 
Russell Crowe, 
Jake Picking, 
Kyle Allen","/name/nm1374980/,/name/nm0000128/,/name/nm4917623/,/name/nm6563873/",19481.0,
tt0120762,Mulan,1998,G,87 min,"Animation, Adventure, Comedy",7.6,"To save her father from death in the army, a young maiden secretly goes in his place and becomes one of China's greatest heroines in the process.","Tony Bancroft, 
Barry Cook",/name/nm0051643/,"Ming-Na Wen, 
Eddie Murphy, 
BD Wong, 
Miguel Ferrer","/name/nm0176905/,/name/nm0001840/,/name/nm0000552/,/name/nm0000703/,/name/nm0001208/",293662.0,120620254.0
tt2179136,American Sniper,2014,R,133 min,"Action, Biography, Drama",7.3,"Navy S.E.A.L. sniper Chris Kyle's pinpoint accuracy saves countless lives on the battlefield and turns him into a legend. Back home with his family after four tours of duty, however, Chris finds that it is the war he can't leave behind.",Clint Eastwood,/name/nm0000142/,"Bradley Cooper, 
Sienna Miller, 
Kyle Gallner, 
Cole Konis","/name/nm0177896/,/name/nm1092227/,/name/nm0973177/,/name/nm6518675/",495061.0,350126372.0
tt6924650,Midway,2019,PG-13,138 min,"Action, Drama, History",6.7,"The story of the Battle of Midway, told by the leaders and the sailors who fought it.",Roland Emmerich,/name/nm0000386/,"Ed Skrein, 
Patrick Wilson, 
Woody Harrelson, 
Luke Evans","/name/nm4534098/,/name/nm0933940/,/name/nm0000437/,/name/nm1812656/",87889.0,56846802.0
tt0057012,Dr. Strangelove or: How I Learned to Stop Worrying and Love the Bomb,1964,PG,95 min,"Comedy, War",8.4,"An insane American general orders a bombing attack on the Soviet Union, triggering a path to nuclear holocaust that a war room full of politicians and generals frantically tries to stop.",Stanley Kubrick,/name/nm0000040/,"Peter Sellers, 
George C. Scott, 
Sterling Hayden, 
Keenan Wynn","/name/nm0000634/,/name/nm0001715/,/name/nm0001330/,/name/nm0943978/",494872.0,275902.0
tt0311113,Master and Commander: The Far Side of the World,2003,PG-13,138 min,"Action, Adventure, Drama",7.4,"During the Napoleonic Wars, a brash British captain pushes his ship and crew to their limits in pursuit of a formidable French war vessel around South America.",Peter Weir,/name/nm0001837/,"Russell Crowe, 
Paul Bettany, 
Billy Boyd, 
James D'Arcy","/name/nm0000128/,/name/nm0079273/,/name/nm0101710/,/name/nm0195439/",225281.0,93927920.0
tt0187393,The Patriot,2000,R,165 min,"Action, Drama, History",7.2,Peaceful farmer Benjamin Martin is driven to lead the Colonial Militia during the American Revolution when a sadistic British officer murders his son.,Roland Emmerich,/name/nm0000386/,"Mel Gibson, 
Heath Ledger, 
Joely Richardson, 
Jason Isaacs","/name/nm0000154/,/name/nm0005132/,/name/nm0000613/,/name/nm0005042/",279444.0,113330342.0
tt0116209,The English Patient,1996,R,162 min,"Drama, Romance, War",7.4,"At the close of World War II, a young nurse tends to a badly-burned plane crash victim. His past is shown in flashbacks, revealing an involvement in a fateful love affair.",Anthony Minghella,/name/nm0005237/,"Ralph Fiennes, 
Juliette Binoche, 
Willem Dafoe, 
Kristin Scott Thomas","/name/nm0000146/,/name/nm0000300/,/name/nm0000353/,/name/nm0000218/",192872.0,78651430.0
tt2005151,War Dogs,2016,R,114 min,"Biography, Comedy, Crime",7.1,"Loosely based on the true story of two young men, David Packouz and Efraim Diveroli, who won a three hundred million dollar contract from the Pentagon to arm America's allies in Afghanistan.",Todd Phillips,/name/nm0680846/,"Jonah Hill, 
Miles Teller, 
Steve Lantz, 
Gregg Weiner","/name/nm1706767/,/name/nm1886602/,/name/nm3111373/,/name/nm1816775/",225913.0,43034523.0
tt0110322,Legends of the Fall,1994,R,133 min,"Drama, Romance, War",7.5,"In the early 1900s, three brothers and their father living in the remote wilderness of Montana are affected by betrayal, history, love, nature, and war.",Edward Zwick,/name/nm0001880/,"Brad Pitt, 
Anthony Hopkins, 
Aidan Quinn, 
Julia Ormond","/name/nm0000093/,/name/nm0000164/,/name/nm0001644/,/name/nm0000566/",170549.0,66638883.0
tt3682448,Bridge of Spies,2015,PG-13,142 min,"Drama, History, Thriller",7.6,"During the Cold War, an American lawyer is recruited to defend an arrested Soviet spy in court, and then help the CIA facilitate an exchange of the spy for the Soviet captured American U2 spy plane pilot, Francis Gary Powers.",Steven Spielberg,/name/nm0000229/,"Tom Hanks, 
Mark Rylance, 
Alan Alda, 
Amy Ryan","/name/nm0000158/,/name/nm0753314/,/name/nm0000257/,/name/nm0752407/",314994.0,72313754.0
tt4555426,Darkest Hour,2017,PG-13,125 min,"Biography, Drama, War",7.4,"In May 1940, the fate of World War II hangs on Winston Churchill, who must decide whether to negotiate with Adolf Hitler, or fight on knowing that it could mean the end of the British Empire.",Joe Wright,/name/nm0942504/,"Gary Oldman, 
Lily James, 
Kristin Scott Thomas, 
Ben Mendelsohn","/name/nm0000198/,/name/nm4141252/,/name/nm0000218/,/name/nm0578853/",205927.0,56468410.0
tt0443272,Lincoln,2012,PG-13,150 min,"Biography, Drama, History",7.3,"As the American Civil War continues to rage, America's president struggles with continuing carnage on the battlefield as he fights with many inside his own cabinet on the decision to emancipate the slaves.",Steven Spielberg,/name/nm0000229/,"Daniel Day-Lewis, 
Sally Field, 
David Strathairn, 
Joseph Gordon-Levitt","/name/nm0000358/,/name/nm0000398/,/name/nm0000657/,/name/nm0330687/",263404.0,182207973.0
tt0112740,Crimson Tide,1995,R,116 min,"Action, Drama, Thriller",7.3,"On a U.S. nuclear missile sub, a young First Officer stages a mutiny to prevent his trigger happy Captain from launching his missiles before confirming his orders to do so.",Tony Scott,/name/nm0001716/,"Gene Hackman, 
Denzel Washington, 
Matt Craven, 
George Dzundza","/name/nm0000432/,/name/nm0000243/,/name/nm0002023/,/name/nm0001169/",115603.0,91400000.0
tt0057115,The Great Escape,1963,Approved,172 min,"Adventure, Drama, History",8.2,Allied prisoners of war plan for several hundred of their number to escape from a German camp during World War II.,John Sturges,/name/nm0836328/,"Steve McQueen, 
James Garner, 
Richard Attenborough, 
Charles Bronson","/name/nm0000537/,/name/nm0001258/,/name/nm0000277/,/name/nm0000314/",246944.0,12100000.0
tt0159273,Behind Enemy Lines,2001,PG-13,106 min,"Action, Drama, Thriller",6.4,"A disillusioned pilot shot down over war-torn Bosnia is ensnared in the conflict in war-torn Bosnia. In the crosshairs of the enemy and an assassin, the spoiled pilot runs for his life as his commanding officer risks all to save him.",John Moore,/name/nm0601382/,"Gene Hackman, 
Owen Wilson, 
Gabriel Macht, 
Charles Malik Whitfield","/name/nm0000432/,/name/nm0005562/,/name/nm0532683/,/name/nm0925916/",107604.0,59068786.0
tt6679794,Outlaw King,2018,R,121 min,"Action, Biography, Drama",6.9,A true David vs. Goliath story of how the 14th century Scottish 'Outlaw King' Robert the Bruce used cunning and bravery to defeat the much larger and better equipped occupying English army.,David Mackenzie,/name/nm0533284/,"Chris Pine, 
Stephen Dillane, 
Rebecca Robin, 
Billy Howle","/name/nm1517976/,/name/nm0226820/,/name/nm9487083/,/name/nm6247071/",74505.0,
tt0083131,Stripes,1981,R,106 min,"Comedy, War",6.8,Two friends who are dissatisfied with their jobs decide to join the army for a bit of fun.,Ivan Reitman,/name/nm0718645/,"Bill Murray, 
John Candy, 
Harold Ramis, 
Warren Oates","/name/nm0000195/,/name/nm0001006/,/name/nm0000601/,/name/nm0643105/",75760.0,85297000.0
tt1034303,Defiance,2008,R,137 min,"Action, Drama, History",7.1,"Jewish brothers in German-occupied Eastern Europe escape into a Belorussian forest, where they join Russian resistance fighters, and endeavor to build a village, in order to protect themselves and about one thousand Jewish non-combatants.",Edward Zwick,/name/nm0001880/,"Daniel Craig, 
Liev Schreiber, 
Jamie Bell, 
Alexa Davalos","/name/nm0185819/,/name/nm0000630/,/name/nm0068260/,/name/nm1111968/",150566.0,28644813.0
tt0346491,Alexander,2004,R,175 min,"Action, Biography, Drama",5.6,"Alexander, the King of Macedonia and one of the greatest army leaders in the history of warfare, conquers much of the known world.",Oliver Stone,/name/nm0000231/,"Colin Farrell, 
Anthony Hopkins, 
Rosario Dawson, 
Angelina Jolie","/name/nm0268199/,/name/nm0000164/,/name/nm0206257/,/name/nm0001401/",171762.0,34297191.0
tt0082096,The Boat,1981,R,149 min,"Drama, War",8.4,A German U-boat stalks the frigid waters of the North Atlantic as its young crew experience the sheer terror and claustrophobic life of a submariner in World War II.,Wolfgang Petersen,/name/nm0000583/,"Jürgen Prochnow, 
Herbert Grönemeyer, 
Klaus Wennemann, 
Hubertus Bengsch","/name/nm0001638/,/name/nm0344963/,/name/nm0921044/,/name/nm0071059/",253009.0,11487676.0
tt0059113,Doctor Zhivago,1965,PG-13,197 min,"Drama, Romance, War",7.9,"The life of a Russian physician and poet who, although married to another, falls in love with a political activist's wife and experiences hardship during World War I and then the October Revolution.",David Lean,/name/nm0000180/,"Omar Sharif, 
Julie Christie, 
Geraldine Chaplin, 
Rod Steiger","/name/nm0001725/,/name/nm0001046/,/name/nm0001036/,/name/nm0001768/",78363.0,111722000.0
tt1413492,12 Strong,2018,R,130 min,"Action, Drama, History",6.5,"12 Strong tells the story of the first Special Forces team deployed to Afghanistan after 9/11; under the leadership of a new captain, the team must work with an Afghan warlord to take down the Taliban.",Nicolai Fuglsig,/name/nm3350420/,"Chris Hemsworth, 
Michael Shannon, 
Michael Peña, 
Navid Negahban","/name/nm1165110/,/name/nm0788335/,/name/nm0671567/,/name/nm1041023/",84262.0,45819713.0
tt8368512,The Courier,2020,PG-13,112 min,"Drama, History, Thriller",7.2,Businessman Greville Wynne is asked by a Russian source to try to help put an end to the Cuban Missile Crisis.,Dominic Cooke,/name/nm4315078/,"Benedict Cumberbatch, 
Merab Ninidze, 
Rachel Brosnahan, 
Vladimir Chuprikov","/name/nm1212722/,/name/nm0632457/,/name/nm3014031/,/name/nm1078491/",64354.0,
tt0092965,Empire of the Sun,1987,PG,153 min,"Drama, War",7.7,A young English boy struggles to survive under Japanese occupation of China during World War II.,Steven Spielberg,/name/nm0000229/,"Christian Bale, 
John Malkovich, 
Miranda Richardson, 
Nigel Havers","/name/nm0000288/,/name/nm0000518/,/name/nm0001669/,/name/nm0369814/",128120.0,22238696.0
tt0072684,Barry Lyndon,1975,PG,185 min,"Adventure, Drama, War",8.1,An Irish rogue wins the heart of a rich widow and assumes her dead husband's aristocratic position in 18th-century England.,Stanley Kubrick,/name/nm0000040/,"Ryan O'Neal, 
Marisa Berenson, 
Patrick Magee, 
Hardy Krüger","/name/nm0641939/,/name/nm0001943/,/name/nm0535861/,/name/nm0473228/",171031.0,
tt0499097,Without Remorse,2021,R,109 min,"Action, Thriller, War",5.8,"An elite Navy SEAL, goes on a path to avenge his wife's murder only to find himself inside of a larger conspiracy.",Stefano Sollima,/name/nm1356588/,"Michael B. Jordan, 
Jodie Turner-Smith, 
Jamie Bell, 
Guy Pearce","/name/nm0430107/,/name/nm3853652/,/name/nm0068260/,/name/nm0001602/",59798.0,
tt0050212,The Bridge on the River Kwai,1957,PG,161 min,"Adventure, Drama, War",8.2,"British POWs are forced to build a railway bridge across the river Kwai for their Japanese captors in occupied Burma, not knowing that the allied forces are planning a daring commando raid through the jungle to destroy it.",David Lean,/name/nm0000180/,"William Holden, 
Alec Guinness, 
Jack Hawkins, 
Sessue Hayakawa","/name/nm0000034/,/name/nm0000027/,/name/nm0370144/,/name/nm0370564/",223011.0,44908000.0
tt3640424,Allied,2016,R,124 min,"Action, Drama, Romance",7.1,"In 1942, a Canadian intelligence officer in North Africa encounters a female French Resistance fighter on a deadly mission behind enemy lines. When they reunite in London, their relationship is tested by the pressures of war.",Robert Zemeckis,/name/nm0000709/,"Brad Pitt, 
Marion Cotillard, 
Jared Harris, 
Vincent Ebrahim","/name/nm0000093/,/name/nm0182839/,/name/nm0364813/,/name/nm1081121/",160287.0,40098064.0
tt0215750,Enemy at the Gates,2001,R,131 min,"Action, Drama, War",7.5,A Russian and a German sniper play a game of cat-and-mouse during the Battle of Stalingrad.,Jean-Jacques Annaud,/name/nm0000269/,"Jude Law, 
Ed Harris, 
Joseph Fiennes, 
Rachel Weisz","/name/nm0000179/,/name/nm0000438/,/name/nm0001212/,/name/nm0001838/",266228.0,51401758.0
tt0038733,Stairway to Heaven,1946,PG,104 min,"Drama, Fantasy, Romance",8.0,"A British wartime aviator who cheats death must argue for his life before a celestial court, hoping to prolong his fledgling romance with an American girl.","Michael Powell, 
Emeric Pressburger",/name/nm0003836/,"David Niven, 
Kim Hunter, 
Robert Coote, 
Kathleen Byron","/name/nm0696247/,/name/nm0000057/,/name/nm0001375/,/name/nm0178509/,/name/nm0126402/",22873.0,
tt0159365,Cold Mountain,2003,R,154 min,"Adventure, Drama, Romance",7.2,"In the waning days of the American Civil War, a wounded soldier embarks on a perilous journey back home to Cold Mountain, North Carolina to reunite with his sweetheart.",Anthony Minghella,/name/nm0005237/,"Jude Law, 
Nicole Kidman, 
Renée Zellweger, 
Eileen Atkins","/name/nm0000179/,/name/nm0000173/,/name/nm0000250/,/name/nm0040586/",150851.0,95636509.0
tt14846026,Sisu,2022,,91 min,"Action, War",7.6,"When an ex-soldier who discovers gold in the Lapland wilderness tries to take the loot into the city, Nazi soldiers led by a brutal SS officer battle him.",Jalmari Helander,/name/nm1118351/,"Jorma Tommila, 
Aksel Hennie, 
Jack Doolan, 
Mimosa Willamo","/name/nm0866918/,/name/nm0377336/,/name/nm1660027/,/name/nm4241408/",837.0,
tt9170516,Skyggen i mit øje,2021,TV-MA,107 min,"Drama, History, War",7.3,The fates of several Copenhagen residents collide when a WWII bombing mission accidentally targets a school full of children.,Ole Bornedal,/name/nm0097079/,"Bertram Bisgaard Enevoldsen, 
Ester Birch, 
Ella Josephine Lund Nilsson, 
Malena Lucia Lodahl","/name/nm10705143/,/name/nm11277598/,/name/nm10692514/,/name/nm11277599/",13624.0,
tt0349683,King Arthur,2004,PG-13,126 min,"Action, Adventure, Drama",6.3,A demystified take on the tale of King Arthur and the Knights of the Round Table.,Antoine Fuqua,/name/nm0298807/,"Clive Owen, 
Stephen Dillane, 
Keira Knightley, 
Ioan Gruffudd","/name/nm0654110/,/name/nm0226820/,/name/nm0461136/,/name/nm0344435/",170370.0,51882244.0
tt0985699,Valkyrie,2008,PG-13,121 min,"Drama, History, Thriller",7.1,"A dramatization of the July 20, 1944 assassination and political coup plot by desperate renegade German Army officers against Adolf Hitler during World War II.",Bryan Singer,/name/nm0001741/,"Tom Cruise, 
Bill Nighy, 
Carice van Houten, 
Kenneth Branagh","/name/nm0000129/,/name/nm0631490/,/name/nm0396924/,/name/nm0000110/",248140.0,83077833.0
tt0164184,The Sum of All Fears,2002,PG-13,124 min,"Action, Drama, Thriller",6.4,"CIA analyst Jack Ryan must stop the plans of a Neo-Nazi faction that threatens to induce a catastrophic conflict between the United States and Russia's President by detonating a nuclear weapon at a football game in Baltimore, Maryland.",Phil Alden Robinson,/name/nm0004675/,"Ben Affleck, 
Morgan Freeman, 
Ian Mongrain, 
Russell Bobbitt","/name/nm0000255/,/name/nm0000151/,/name/nm1172817/,/name/nm0090309/",119060.0,118907036.0
tt0277434,We Were Soldiers,2002,R,138 min,"Action, Drama, History",7.1,"The story of the first major battle of the American phase of the Vietnam War, and the soldiers on both sides that fought it, while their wives wait nervously and anxiously at home for the good news or the bad news.",Randall Wallace,/name/nm0908824/,"Mel Gibson, 
Madeleine Stowe, 
Greg Kinnear, 
Sam Elliott","/name/nm0000154/,/name/nm0000656/,/name/nm0001427/,/name/nm0000385/",144690.0,78122718.0
tt0418689,Flags of Our Fathers,2006,R,135 min,"Action, Adventure, Drama",7.1,"The life stories of the six men who raised the flag at the Battle of Iwo Jima, a turning point in World War II.",Clint Eastwood,/name/nm0000142/,"Ryan Phillippe, 
Barry Pepper, 
Joseph Cross, 
Jesse Bradford","/name/nm0000202/,/name/nm0001608/,/name/nm0189200/,/name/nm0103038/",125058.0,33602376.0
tt0808357,"Lust, Caution",2007,NC-17,157 min,"Drama, History, Romance",7.5,"During World War II era, a young woman, Wang Jiazhi, gets swept up in a dangerous game of emotional intrigue with a powerful political figure, Mr. Yee.",Ang Lee,/name/nm0000487/,"Tony Chiu-Wai Leung, 
Tang Wei, 
Joan Chen, 
Leehom Wang","/name/nm0504897/,/name/nm2325018/,/name/nm0001040/,/name/nm0910966/",42937.0,4604982.0
tt0053580,The Alamo,1960,Passed,162 min,"Adventure, Drama, History",6.8,"In 1836, a small band of soldiers sacrifice their lives in hopeless combat against a massive army in order to prevent a tyrant from smashing the new Republic of Texas.",John Wayne,/name/nm0000078/,"John Wayne, 
Richard Widmark, 
Laurence Harvey, 
Frankie Avalon","/name/nm0000078/,/name/nm0001847/,/name/nm0002131/,/name/nm0000811/",16441.0,17262932.0
tt9242528,The Survivor,2021,R,129 min,"Biography, Drama, History",6.7,"After World War II, Harry Haft is a boxer who fought against his peers in concentration camps. Haunted by memories, he tries to use fighting legends as a way to find his love.",Barry Levinson,/name/nm0001469/,"Ben Foster, 
Billy Magnussen, 
Vicky Krieps, 
Peter Sarsgaard","/name/nm0004936/,/name/nm2915105/,/name/nm3043279/,/name/nm0765597/",4469.0,
tt1289403,The Guernsey Literary and Potato Peel Pie Society,2018,TV-14,124 min,"Drama, Romance, War",7.3,"In the aftermath of World War II, a writer forms an unexpected bond with the residents of Guernsey Island when she decides to write a book about their experiences during the war.",Mike Newell,/name/nm0001565/,"Jessica Brown Findlay, 
Tom Courtenay, 
Michiel Huisman, 
Katherine Parkinson","/name/nm3726887/,/name/nm0183822/,/name/nm0401264/,/name/nm1817670/",48257.0,
tt0024264,Little Women,1933,Passed,115 min,"Drama, Family, Romance",7.2,A chronicle of the lives of sisters growing up in 19th-century New England.,George Cukor,/name/nm0002030/,"Katharine Hepburn, 
Joan Bennett, 
Paul Lukas, 
Edna May Oliver","/name/nm0000031/,/name/nm0000910/,/name/nm0510134/,/name/nm0646829/",7400.0,4578000.0
tt2582576,Sand Castle,2017,TV-MA,113 min,"Action, Drama, War",6.3,"The story follows a young soldier, and his introduction into the 2003 invasion of Iraq. Based on true events, it bears witness to the destruction, and horrors of war.",Fernando Coimbra,/name/nm2036500/,"Nicholas Hoult, 
Logan Marshall-Green, 
Henry Cavill, 
Glen Powell","/name/nm0396558/,/name/nm1334869/,/name/nm0147147/,/name/nm1412974/",24546.0,
tt0054331,Spartacus,1960,PG-13,197 min,"Adventure, Biography, Drama",7.9,"The slave Spartacus survives brutal training as a gladiator and leads a violent revolt against the decadent Roman Republic, as the ambitious Crassus seeks to gain power by crushing the uprising.",Stanley Kubrick,/name/nm0000040/,"Kirk Douglas, 
Laurence Olivier, 
Jean Simmons, 
Charles Laughton","/name/nm0000018/,/name/nm0000059/,/name/nm0001739/,/name/nm0001452/",136837.0,30000000.0
tt0418763,Jarhead,2005,R,125 min,"Biography, Drama, War",7.0,"A psychological study of Marine's state of mind during the Gulf War. Told through the eyes of a U.S. Marine sniper who struggles to cope with boredom, a sense of isolation, and other issues back home.",Sam Mendes,/name/nm0005222/,"Jake Gyllenhaal, 
Jamie Foxx, 
Lucas Black, 
Scott MacDonald","/name/nm0350453/,/name/nm0004937/,/name/nm0085407/,/name/nm0531924/",193398.0,62658220.0
tt5177120,The Ministry of Ungentlemanly Warfare,2024,,,"Drama, War",,The British military recruits a small group of highly-skilled soldiers to strike against Nazi forces behind enemy lines during World War II.,Guy Ritchie,/name/nm0005363/,"Henry Cavill, 
Alan Ritchson, 
Eiza González, 
Cary Elwes","/name/nm0147147/,/name/nm2024927/,/name/nm2555462/,/name/nm0000144/",,
tt1327194,The Lucky One,2012,PG-13,101 min,"Drama, Mystery, Romance",6.4,A Marine travels to Louisiana after serving three tours in Iraq and searches for the unknown woman he believes was his good luck charm during the war.,Scott Hicks,/name/nm0382956/,"Zac Efron, 
Taylor Schilling, 
Blythe Danner, 
Riley Thomas Stewart","/name/nm1374980/,/name/nm2279940/,/name/nm0001100/,/name/nm2546716/",110256.0,60457138.0
tt0066026,M*A*S*H,1970,R,116 min,"Comedy, Drama, War",7.4,The staff of a Korean War field hospital use humor and high jinks to keep their sanity in the face of the horror of war.,Robert Altman,/name/nm0000265/,"Donald Sutherland, 
Elliott Gould, 
Tom Skerritt, 
Sally Kellerman","/name/nm0000661/,/name/nm0001285/,/name/nm0000643/,/name/nm0001419/",74242.0,81600000.0
tt0097441,Glory,1989,R,122 min,"Biography, Drama, History",7.8,"Robert Gould Shaw leads the U.S. Civil War's first all-black volunteer company, fighting prejudices from both his own Union Army, and the Confederates.",Edward Zwick,/name/nm0001880/,"Matthew Broderick, 
Denzel Washington, 
Cary Elwes, 
Morgan Freeman","/name/nm0000111/,/name/nm0000243/,/name/nm0000144/,/name/nm0000151/",137101.0,26830000.0
tt3361792,Tolkien,2019,PG-13,112 min,"Biography, Drama, Romance",6.8,"The formative years of the orphaned author J.R.R. Tolkien as he finds friendship, love and artistic inspiration among a group of fellow outcasts at school.",Dome Karukoski,/name/nm1933648/,"Nicholas Hoult, 
Lily Collins, 
Colm Meaney, 
Derek Jacobi","/name/nm0396558/,/name/nm2934314/,/name/nm0000538/,/name/nm0001394/",42426.0,4535154.0
tt3553442,Whiskey Tango Foxtrot,2016,R,112 min,"Biography, Comedy, Drama",6.6,A journalist recounts her wartime coverage in Afghanistan.,"Glenn Ficarra, 
John Requa",/name/nm0275629/,"Tina Fey, 
Margot Robbie, 
Martin Freeman, 
Alfred Molina","/name/nm0720135/,/name/nm0275486/,/name/nm3053338/,/name/nm0293509/,/name/nm0000547/",53670.0,23049575.0
tt1894476,How I Live Now,2013,R,101 min,"Action, Adventure, Drama",6.4,"An American girl, sent to the English countryside to stay with relatives, finds love and purpose while fighting for her survival as war envelops the world around her.",Kevin Macdonald,/name/nm0531817/,"Saoirse Ronan, 
Tom Holland, 
George MacKay, 
Harley Bird","/name/nm1519680/,/name/nm4043618/,/name/nm1126657/,/name/nm3897655/",30986.0,60213.0
tt0050825,Paths of Glory,1957,Approved,88 min,"Drama, War",8.4,"After refusing to attack an enemy position, a general accuses the soldiers of cowardice and their commanding officer must defend them.",Stanley Kubrick,/name/nm0000040/,"Kirk Douglas, 
Ralph Meeker, 
Adolphe Menjou, 
George Macready","/name/nm0000018/,/name/nm0576127/,/name/nm0579663/,/name/nm0534317/",199515.0,
tt2396589,Mudbound,2017,R,134 min,"Drama, War",7.4,"Two men return home from World War II to work on a farm in rural Mississippi, where they struggle to deal with racism and adjusting to life after war.",Dee Rees,/name/nm2011696/,"Jason Mitchell, 
Carey Mulligan, 
Jason Clarke, 
Mary J. Blige","/name/nm4207146/,/name/nm1659547/,/name/nm0164809/,/name/nm0004763/",50813.0,
tt0075784,A Bridge Too Far,1977,PG,175 min,"Drama, History, War",7.4,"Operation Market Garden, September 1944: The Allies attempt to capture several strategically important bridges in the Netherlands in the hope of breaking the German lines.",Richard Attenborough,/name/nm0000277/,"Sean Connery, 
Ryan O'Neal, 
Michael Caine, 
Laurence Olivier","/name/nm0000125/,/name/nm0641939/,/name/nm0000323/,/name/nm0000059/",57929.0,50800000.0
tt4530422,Overlord,2018,R,110 min,"Action, Horror, Sci-Fi",6.6,A small group of American soldiers find horror behind enemy lines on the eve of D-Day.,Julius Avery,/name/nm1170339/,"Jovan Adepo, 
Wyatt Russell, 
Mathilde Ollivier, 
Pilou Asbæk","/name/nm5381254/,/name/nm0751518/,/name/nm7230577/,/name/nm1561982/",101165.0,21704844.0
tt3833480,The Outpost,2019,R,123 min,"Action, Drama, History",6.8,A small team of U.S. soldiers battles against hundreds of Taliban fighters in Afghanistan.,Rod Lurie,/name/nm0527109/,"Scott Eastwood, 
Caleb Landry Jones, 
Orlando Bloom, 
Jack Kesy","/name/nm2207222/,/name/nm2655177/,/name/nm0089217/,/name/nm4477836/",36071.0,
tt0089881,Ran,1985,R,162 min,"Action, Drama, War",8.2,"In Medieval Japan, an elderly warlord retires, handing over his empire to his three sons. However, he vastly underestimates how the new-found power will corrupt them and cause them to turn on each other...and him.",Akira Kurosawa,/name/nm0000041/,"Tatsuya Nakadai, 
Akira Terao, 
Jinpachi Nezu, 
Daisuke Ryû","/name/nm0619938/,/name/nm0855417/,/name/nm0628704/,/name/nm0753480/",127150.0,4135750.0
tt4781612,Imperium,2016,R,109 min,"Biography, Crime, Drama",6.5,"A young FBI agent, eager to prove himself in the field, goes undercover as a white supremacist.",Daniel Ragussis,/name/nm2495732/,"Daniel Radcliffe, 
Toni Collette, 
Tracy Letts, 
Sam Trammell","/name/nm0705356/,/name/nm0001057/,/name/nm0504832/,/name/nm0870794/",47290.0,
tt0385002,Green Street Hooligans,2005,R,109 min,"Crime, Drama, Sport",7.4,"A wrongfully expelled Harvard undergrad moves to London, where he is introduced to the violent underworld of football hooliganism.",Lexi Alexander,/name/nm0591994/,"Elijah Wood, 
Charlie Hunnam, 
Claire Forlani, 
Marc Warren","/name/nm0000704/,/name/nm0402271/,/name/nm0001231/,/name/nm0912938/",153546.0,344095.0
tt5208252,Operation Finale,2018,PG-13,122 min,"Biography, Drama, History",6.6,A team of secret agents set out to track down the Nazi officer who masterminded the Holocaust.,Chris Weitz,/name/nm0919363/,"Oscar Isaac, 
Ben Kingsley, 
Mélanie Laurent, 
Lior Raz","/name/nm1209966/,/name/nm0001426/,/name/nm0491259/,/name/nm2443797/",43964.0,17612099.0
tt0107007,Gettysburg,1993,PG,271 min,"Drama, History, War",7.6,"In 1863, the Northern and Southern forces fight at Gettysburg in the decisive battle of the American Civil War.",Ron Maxwell,/name/nm0561813/,"Tom Berenger, 
Martin Sheen, 
Stephen Lang, 
Richard Jordan","/name/nm0000297/,/name/nm0000640/,/name/nm0002332/,/name/nm0430151/",29791.0,10769960.0
tt0061578,The Dirty Dozen,1967,Approved,150 min,"Action, Adventure, War",7.7,"During World War II, a rebellious U.S. Army Major is assigned a dozen convicted murderers to train and lead them into a mass assassination mission of German officers.",Robert Aldrich,/name/nm0000736/,"Lee Marvin, 
Ernest Borgnine, 
Charles Bronson, 
John Cassavetes","/name/nm0001511/,/name/nm0000308/,/name/nm0000314/,/name/nm0001023/",75176.0,45300000.0
tt0055031,Judgment at Nuremberg,1961,Approved,179 min,"Drama, War",8.3,"In 1948, an American court in occupied Germany tries four Nazis judged for war crimes.",Stanley Kramer,/name/nm0006452/,"Spencer Tracy, 
Burt Lancaster, 
Richard Widmark, 
Marlene Dietrich","/name/nm0000075/,/name/nm0000044/,/name/nm0001847/,/name/nm0000017/",78547.0,
tt0120102,Seven Years in Tibet,1997,PG-13,136 min,"Adventure, Biography, Drama",7.1,"True story of Heinrich Harrer, an Austrian mountain climber who became friends with the Dalai Lama at the time of China's takeover of Tibet.",Jean-Jacques Annaud,/name/nm0000269/,"Brad Pitt, 
David Thewlis, 
BD Wong, 
Mako","/name/nm0000093/,/name/nm0000667/,/name/nm0000703/,/name/nm0538683/",147372.0,37957682.0
tt7698468,A Call to Spy,2019,PG-13,123 min,"Biography, Crime, Drama",6.6,"In the beginning of WWII, with Britain becoming desperate, Churchill orders his new spy agency - SOE - to recruit and train women as spies.",Lydia Dean Pilcher,/name/nm0212990/,"Sarah Megan Thomas, 
Stana Katic, 
Radhika Apte, 
Linus Roache","/name/nm2353338/,/name/nm1065664/,/name/nm2331000/,/name/nm0730070/",8420.0,
tt0091187,Heartbreak Ridge,1986,R,130 min,"Drama, War",6.8,"Hard-nosed, hard-living Marine Gunnery Sergeant Tom Highway (Clint Eastwood) clashes with his superiors and his ex-wife as he takes command of a spoiled recon platoon with a bad attitude.",Clint Eastwood,/name/nm0000142/,"Clint Eastwood, 
Marsha Mason, 
Everett McGill, 
Moses Gunn","/name/nm0000142/,/name/nm0556850/,/name/nm0569239/,/name/nm0348214/",45109.0,42724017.0
tt0455824,Australia,2008,PG-13,165 min,"Adventure, Drama, Romance",6.6,"Set in northern Australia before WWII, an Englishwoman who inherits a sprawling ranch reluctantly pacts with a stock-man in order to drive 2,000 head of cattle over unforgiving landscapes.",Baz Luhrmann,/name/nm0525303/,"Nicole Kidman, 
Hugh Jackman, 
Shea Adams, 
Eddie Baroo","/name/nm0000173/,/name/nm0413168/,/name/nm0011354/,/name/nm1812267/",126141.0,49554002.0
tt1234548,The Men Who Stare at Goats,2009,R,94 min,"Comedy, War",6.2,"A reporter in Iraq might just have the story of a lifetime when he meets Lyn Cassady, a guy who claims to be a former member of the U.S. Army's New Earth Army, a unit that employs paranormal powers in their missions.",Grant Heslov,/name/nm0381416/,"Ewan McGregor, 
George Clooney, 
Kevin Spacey, 
Jeff Bridges","/name/nm0000191/,/name/nm0000123/,/name/nm0000228/,/name/nm0000313/",134084.0,32428195.0
tt5431890,Official Secrets,2019,R,112 min,"Biography, Crime, Drama",7.3,The true story of a British whistleblower who leaked information to the press about an illegal NSA spy operation designed to push the UN Security Council into sanctioning the 2003 invasion of Iraq.,Gavin Hood,/name/nm0004303/,"Keira Knightley, 
Matt Smith, 
Matthew Goode, 
Rhys Ifans","/name/nm0461136/,/name/nm1741002/,/name/nm0328828/,/name/nm0406975/",49306.0,395511.0
tt6852178,Benediction,2021,PG-13,137 min,"Biography, Drama, History",6.7,"Legendary 20th Century war poet Siegfried Sassoon's life-long quest for personal salvation through his experiences with family, war, his writing, and destructive relationships goes unresolved, never realizing it can only come from within.",Terence Davies,/name/nm0203993/,"Jack Lowden, 
Thom Ashley, 
Orlando Jopling, 
Christopher Naylor","/name/nm4110963/,/name/nm9118434/,/name/nm13873025/,/name/nm0623271/",2531.0,
tt0395169,Hotel Rwanda,2004,PG-13,121 min,"Biography, Drama, History",8.1,"Paul Rusesabagina, a hotel manager, houses over a thousand Tutsi refugees during their struggle against the Hutu militia in Rwanda, Africa.",Terry George,/name/nm0313623/,"Don Cheadle, 
Sophie Okonedo, 
Joaquin Phoenix, 
Xolani Mali","/name/nm0000332/,/name/nm0645683/,/name/nm0001618/,/name/nm1796730/",358818.0,23530892.0
tt0093105,"Good Morning, Vietnam",1987,R,121 min,"Biography, Comedy, Drama",7.3,"In 1965, an unorthodox and irreverent DJ named Adrian Cronauer begins to shake up things when he is assigned to the U.S. Armed Services radio station in Vietnam.",Barry Levinson,/name/nm0001469/,"Robin Williams, 
Forest Whitaker, 
Tom. T. Tran, 
Chintara Sukapatana","/name/nm0000245/,/name/nm0001845/,/name/nm0870918/,/name/nm0837701/",144339.0,123922370.0
tt0037791,Hotel Berlin,1945,Approved,98 min,"Drama, Music, War",6.7,"In 1945, a strange mix of Germans, military personnel and civilians, pro-Nazi and anti-Nazi, celebrities and escaped prisoners, converges at a lavish hotel in heavily-bombed Berlin.",Peter Godfrey,/name/nm0324013/,"Faye Emerson, 
Helmut Dantine, 
Raymond Massey, 
Andrea King","/name/nm0256207/,/name/nm0200626/,/name/nm0557339/,/name/nm0454448/",831.0,
tt9777644,Da 5 Bloods,2020,R,154 min,"Adventure, Drama, War",6.5,Four African-American vets battle the forces of man and nature when they return to Vietnam seeking the remains of their fallen squad leader and the gold fortune he helped them hide.,Spike Lee,/name/nm0000490/,"Delroy Lindo, 
Jonathan Majors, 
Clarke Peters, 
Norm Lewis","/name/nm0005148/,/name/nm3718007/,/name/nm0676370/,/name/nm0507592/",52541.0,
tt0074452,The Eagle Has Landed,1976,PG,123 min,"Adventure, Drama, Thriller",6.9,A German plot to kidnap Sir Winston Churchill unfolds at the height of World War II.,John Sturges,/name/nm0836328/,"Michael Caine, 
Donald Sutherland, 
Robert Duvall, 
Jenny Agutter","/name/nm0000323/,/name/nm0000661/,/name/nm0000380/,/name/nm0000256/",22852.0,
tt2057392,Eye in the Sky,2015,R,102 min,"Action, Drama, Thriller",7.3,"Col. Katherine Powell, a military officer in command of an operation to capture terrorists in Kenya, sees her mission escalate when a girl enters the kill zone triggering an international dispute over the implications of modern warfare.",Gavin Hood,/name/nm0004303/,"Helen Mirren, 
Aaron Paul, 
Alan Rickman, 
Barkhad Abdi","/name/nm0000545/,/name/nm0666739/,/name/nm0000614/,/name/nm5831542/",87690.0,18700837.0
tt0816442,The Book Thief,2013,PG-13,131 min,"Drama, War",7.5,"While subjected to the horrors of World War II Germany, young Liesel finds solace by stealing books and sharing them with others. In the basement of her home, a Jewish refugee is being protected by her adoptive parents.",Brian Percival,/name/nm1093053/,"Sophie Nélisse, 
Geoffrey Rush, 
Emily Watson, 
Ben Schnetzer","/name/nm4563869/,/name/nm0001691/,/name/nm0001833/,/name/nm3115493/",137569.0,21488481.0
tt6708668,Black Crab,2022,TV-MA,114 min,"Action, Adventure, Drama",5.7,"In a post-apocalyptic world, six soldiers on a covert mission must transport a mysterious package across a frozen archipelago. Noomi Rapace stars.",Adam Berg,/name/nm3515833/,"Noomi Rapace, 
Jakob Oftebro, 
Dar Salim, 
Erik Enge","/name/nm0636426/,/name/nm1939580/,/name/nm1502469/,/name/nm4558335/",22302.0,
tt0989757,Dear John,2010,PG-13,108 min,"Drama, Mystery, Romance",6.3,A romantic drama about a soldier who falls for a conservative college student while he's home on leave.,Lasse Hallström,/name/nm0002120/,"Channing Tatum, 
Amanda Seyfried, 
Richard Jenkins, 
Henry Thomas","/name/nm1475594/,/name/nm1086543/,/name/nm0420955/,/name/nm0001794/",151635.0,80014842.0
tt2177771,The Monuments Men,2014,PG-13,118 min,"Comedy, Drama, History",6.1,An unlikely World War II platoon is tasked to rescue art masterpieces from German thieves and return them to their owners.,George Clooney,/name/nm0000123/,"George Clooney, 
Matt Damon, 
Bill Murray, 
Cate Blanchett","/name/nm0000123/,/name/nm0000354/,/name/nm0000195/,/name/nm0000949/",133673.0,78031620.0
tt5592248,The Beguiled,2017,R,93 min,"Drama, Thriller, War",6.3,The unexpected arrival of a wounded Union soldier at a girls school in Virginia during the American Civil War leads to jealousy and betrayal.,Sofia Coppola,/name/nm0001068/,"Nicole Kidman, 
Kirsten Dunst, 
Elle Fanning, 
Colin Farrell","/name/nm0000173/,/name/nm0000379/,/name/nm1102577/,/name/nm0268199/",58725.0,10576669.0
tt0900387,Suite Française,2014,,107 min,"Drama, Romance, Thriller",7.0,"During the early years of Nazi occupation of France in World War II, romance blooms between Lucile Angellier (Michelle Williams), a French villager, and Lieutenant Bruno von Falk (Matthias Schoenaerts), a German soldier.",Saul Dibb,/name/nm1314116/,"Michelle Williams, 
Kristin Scott Thomas, 
Margot Robbie, 
Eric Godon","/name/nm0931329/,/name/nm0000218/,/name/nm3053338/,/name/nm1101713/",27186.0,
tt0300556,Timeline,2003,PG-13,116 min,"Action, Adventure, Sci-Fi",5.6,A group of archaeologists become trapped in the past when they go there to retrieve a friend. The group must survive in 14th-century France before they can escape back to the twenty-first century.,Richard Donner,/name/nm0001149/,"Paul Walker, 
Gerard Butler, 
Billy Connolly, 
Frances O'Connor","/name/nm0908094/,/name/nm0124930/,/name/nm0175262/,/name/nm0640323/",64053.0,19481943.0
tt9691136,Shadow in the Cloud,2020,R,83 min,"Action, Horror, War",5.0,A female WWII pilot traveling with top secret documents on a B-17 Flying Fortress encounters an evil presence on board the flight.,Roseanne Liang,/name/nm1755396/,"Chloë Grace Moretz, 
Nick Robinson, 
Beulah Koale, 
Taylor John Smith","/name/nm1631269/,/name/nm3538718/,/name/nm3872230/,/name/nm4973896/",28010.0,
tt0031280,Espionage Agent,1939,Approved,83 min,"Crime, Drama, Music",5.9,"When Barry Corvall discovers that his new bride is a possible enemy agent, he resigns from the diplomatic service to go undercover to root out an espionage ring planning to destroy American industrial capability.",Lloyd Bacon,/name/nm0045800/,"Joel McCrea, 
Brenda Marshall, 
Jeffrey Lynn, 
George Bancroft","/name/nm0566948/,/name/nm0550782/,/name/nm0528705/,/name/nm0051628/",414.0,
tt1568911,War Horse,2011,PG-13,146 min,"Action, Adventure, Drama",7.2,Young Albert enlists to serve in World War I after his beloved horse is sold to the cavalry. Albert's hopeful journey takes him out of England and to the front lines as the war rages on.,Steven Spielberg,/name/nm0000229/,"Jeremy Irvine, 
Emily Watson, 
David Thewlis, 
Benedict Cumberbatch","/name/nm3528539/,/name/nm0001833/,/name/nm0000667/,/name/nm1212722/",159925.0,79884879.0
tt0498380,Letters from Iwo Jima,2006,R,141 min,"Action, Adventure, Drama",7.9,"The story of the battle of Iwo Jima between the United States and Imperial Japan during World War II, as told from the perspective of the Japanese who fought it.",Clint Eastwood,/name/nm0000142/,"Ken Watanabe, 
Kazunari Ninomiya, 
Tsuyoshi Ihara, 
Ryô Kase","/name/nm0913822/,/name/nm0632497/,/name/nm0407296/,/name/nm1076976/",164684.0,13756082.0
tt19465630,Sniper. The White Raven,2022,R,111 min,"Drama, War",6.3,"After suffering a tragedy at the hand of invading soldiers in Donbas, an Ukrainian physics teacher seeks revenge. He sets his sights on an elite Russian sniper whose elimination could change the tide of the conflict.",Marian Bushan,/name/nm11595610/,"Pavlo Aldoshyn, 
Maryna Koshkina, 
Andrey Mostrenko, 
Roman Semysal","/name/nm3838884/,/name/nm9582810/,/name/nm5643878/,/name/nm9457418/",3271.0,
tt0120188,Three Kings,1999,R,114 min,"Action, Adventure, Comedy",7.1,"In the aftermath of the Persian Gulf War, four soldiers set out to steal gold that was stolen from Kuwait, but they discover people who desperately need their help.",David O. Russell,/name/nm0751102/,"George Clooney, 
Mark Wahlberg, 
Ice Cube, 
Spike Jonze","/name/nm0000123/,/name/nm0000242/,/name/nm0001084/,/name/nm0005069/",174509.0,60652036.0
tt2058107,The Railway Man,2013,R,116 min,"Biography, Drama, Romance",7.1,"A former British Army officer, who was tortured as a prisoner of war at a Japanese labor camp during World War II, discovers that the man responsible for much of his treatment is still alive and sets out to confront him.",Jonathan Teplitzky,/name/nm0855300/,"Colin Firth, 
Nicole Kidman, 
Stellan Skarsgård, 
Jeremy Irvine","/name/nm0000147/,/name/nm0000173/,/name/nm0001745/,/name/nm3528539/",41094.0,4438438.0
tt0314353,Tears of the Sun,2003,R,121 min,"Action, Drama, Thriller",6.6,A Special-Ops commander leads his team into the Nigerian jungle in order to rescue a doctor who will only join them if they agree to save 70 refugees too.,Antoine Fuqua,/name/nm0298807/,"Bruce Willis, 
Cole Hauser, 
Monica Bellucci, 
Eamonn Walker","/name/nm0000246/,/name/nm0369513/,/name/nm0000899/,/name/nm0907708/",124770.0,43734876.0
tt9378692,Freedom's Path,2022,,131 min,"Drama, History, War",7.2,"When a soldier deserts from battle, he soon discovers the true cost of war through a young heroic black man, who teaches him the real meaning of Freedom.",Brett Smith,/name/nm4799854/,"Gerran Howell, 
RJ Cyler, 
Ewen Bremner, 
Harrison Gilbertson","/name/nm2228294/,/name/nm5518972/,/name/nm0001971/,/name/nm1549295/",150.0,
tt0058777,Zulu,1964,Not Rated,138 min,"Drama, History, War",7.7,Outnumbered British soldiers do battle with Zulu warriors at Rorke's Drift.,Cy Endfield,/name/nm0256831/,"Stanley Baker, 
Jack Hawkins, 
Ulla Jacobsson, 
James Booth","/name/nm0048939/,/name/nm0370144/,/name/nm0414965/,/name/nm0095718/",40300.0,
tt5311542,Never Look Away,2018,R,189 min,"Biography, Drama, Romance",7.7,"German artist Kurt Barnert has escaped East Germany and now lives in West Germany, but is tormented by his childhood under the Nazis and the GDR-regime.",Florian Henckel von Donnersmarck,/name/nm0003697/,"Tom Schilling, 
Sebastian Koch, 
Paula Beer, 
Saskia Rosendahl","/name/nm0771713/,/name/nm0462407/,/name/nm3559009/,/name/nm4551978/",22711.0,1304042.0